Timestamp,City,State,Finished ACT on time?,Which section ran out of time?,School year?,GPA?,How many ACT tests?,Human intelligence can't be changed,Human intelligence can't be changed very much,Human intelligence can be changed significantly,Can't change how intelligent you are,Can substantially change how intelligent you are,Can learn but can't change basic intelligence,Can always change intelligence levels,Can change  intelligence considerably,Human talent  can't be changed,Human talent  can't be changed very much,Human talent can be changed significantly,Can't change how talented you are,Can substantially change how talented you are,Can learn but can't change how talented you are,Can always change talent level,Can change talent considerably,Coaching?,Prep Time,Baseline English Score,Baseline Math Score,Baseline Science Score,Baseline Reading Score,Baseline Composite Score,ACT Score,ACT Boost
1/18/2020 20:07,Morgan Hill ,California ,No,Math,First Semester Junior,5.02,0,6,6,1,6,1,6,1,2,6,6,1,6,1,6,1,2,No,16,25,27,33,29,31,31,0
1/3/2020 13:17,Troy,Michigan,Yes,,Second Semester Junior,3.88,1,5,5,2,5,2,5,2,1,3,4,3,3,4,2,2,4,No,40,25,29,25,27,27,31,4
1/8/2019 15:47,,,Yes,,First Semester Junior,3.8,0,4,4,6,4,4,1,3,5,6,6,1,5,2,1,1,2,Yes,34.65,24,18,24,23,25,28,3
10/22/2019 18:38,Hayward,California,No,English,First Semester Junior,3.83,0,5,5,5,5,5,4,3,2,2,2,5,2,5,2,5,5,No,48.3,15,24,20,19,18,23,5
10/22/2019 8:15,Seattle,Washington,No,"English, Math, Reading",First Semester Junior,,1,4,5,2,6,2,5,2,5,5,5,3,6,4,5,2,2,No,40.7,21,24,29,25,24,28,4
10/23/2019 19:43,Tacoma,Washington,Yes,,First Semester Junior,3.6782,1,5,5,2,5,3,5,2,2,5,5,2,5,3,5,2,3,No,11.4,23,24,29,27,29,29,0
10/24/2019 18:03,San Jose,California,No,Math,First Semester Junior,3.2,0,6,6,6,6,1,3,3,3,6,6,1,6,2,6,1,1,No,16.4,22,13,19,19,21,21,0
10/29/2019 21:44,Sunnyvale,California,Yes,,First Semester Junior,2.495,0,4,4,4,3,5,4,4,4,3,5,2,5,4,5,2,3,No,18.8,22,23,22,23,25,25,0
11/11/2019 9:18,Morgan Hill,California,No,Reading,First Semester Junior,3.3,1,6,5,3,6,1,6,1,1,6,6,1,6,1,6,1,1,No,39.09,18,22,24,22,22,25,3
11/15/2018 13:09,,,No,"English, Math",First Semester Junior,3.6,1,5,5,5,5,2,4,2,2,5,3,2,4,2,5,2,2,Yes,58,23,26,30,27,29,34,5
11/4/2019 10:40,Vancouver,Washington,Yes,,First Semester Junior,,4,4,4,2,3,3,5,2,3,5,6,1,6,1,6,1,1,Yes,50.3,19,21,22,21,23,28,5
11/5/2018 14:37,,,No,"Math, Science",First Semester Junior,4.3,1,5,3,5,3,5,2,2,2,5,5,3,4,5,4,4,4,Yes,70.24,25,18,18,22,25,31,6
11/5/2019 17:06,Morgan Hill,California,No,"English, Math, Reading, Science",First Semester Junior,4.1,1,3,4,4,3,5,4,4,3,5,3,3,4,4,4,4,3,No,48.65,24,26,25,25,25,30,5
12/2/2018 16:53,,,Yes,,First Semester Junior,3.57,0,6,6,2,6,2,4,4,3,4,4,2,5,3,3,2,2,Yes,81.499,13,20,22,19,20,28,8
12/22/2019 21:09,Morgan Hill ,California ,Yes,,First Semester Junior,4.7,1,5,4,2,4,2,3,1,3,6,6,1,6,1,6,1,1,No,12.5,21,25,23,26,32,32,0
12/26/2019 20:35,Mountain View,California,No,"English, Math, Reading, Science",First Semester Junior,3.9393,1,6,6,1,6,6,6,6,1,6,6,1,6,1,6,1,1,No,25.17,18,19,21,20,20,21,1
2/24/2020 18:40,Everett,Washington,Yes,,Second Semester Junior,3.5,2,5,5,1,5,5,5,2,2,3,3,3,4,3,2,3,3,No,96.4,22,18,21,19,15,25,10
3/17/2019 21:47,Oak Harbor,Washington,No,"English, Math, Reading, Science",Second Semester Junior,,1,6,5,3,5,4,4,3,4,5,5,2,5,3,5,2,2,Yes,49,32,29,24,28,27,32,5
3/21/2020 11:35,Woodbridge,California,Yes,,Second Semester Sophomore,3.6,1,6,6,1,6,1,6,1,1,6,6,1,6,1,6,1,1,No,28,25,31,28,28,28,30,2
3/24/2020 15:37,Fremont,California ,No,"English, Reading, Science",Second Semester Sophomore,4,1,4,4,3,4,3,4,3,4,5,4,3,4,5,3,3,3,No,61,23,27,26,25,24,30,6
3/28/2020 14:25,Morgan Hill,California,Yes,,Second Semester Sophomore,3.87,1,2,2,5,2,5,2,5,5,6,6,3,5,2,5,2,2,No,33,30,31,29,30,31,34,3
5/1/2019 15:14,Morgan Hill,California,Yes,,Second Semester Junior,3.578,2,3,3,3,3,2,3,2,2,2,2,3,3,1,2,3,3,Yes,30.75,22,25,18,23,26,28,2
5/1/2019 21:50,Woodbridge,California,Yes,,Second Semester Junior,3.6,2,4,4,3,4,3,3,2,3,2,2,5,2,5,2,5,2,Yes,40.25,27,30,23,27,28,33,5
5/31/2019 20:49,Oakland,California,No,"Math, Reading",Second Semester Sophomore,3.7,0,3,3,3,4,3,4,3,5,4,4,4,3,4,3,4,5,No,80.75,18,22,26,21,16,25,9
5/5/2019 15:50,Morgan Hill,California,Yes,,Second Semester Sophomore,4.6,1,4,4,3,4,3,4,3,3,4,4,3,4,3,4,3,3,Yes,31.6,35,34,30,33,32,34,2
6/16/2019 11:28,Corinth,Mississippi,Yes,,First Semester Junior,3.83,2,6,6,2,5,2,5,2,2,6,6,2,6,3,5,1,2,No,40.48,24,17,20,21,21,25,4
6/16/2019 19:28,Atlanta,Georgia,No,"Math, Science",First Semester Senior,4,1,6,6,1,6,2,5,1,3,6,6,1,6,1,6,1,1,Yes,20,31,27,25,29,31,32,1
6/17/2019 12:09,Benton City,Washington ,No,"English, Math, Reading, Science",First Semester Senior,3.1,1,5,5,1,5,4,6,1,1,3,3,4,3,4,1,4,4,Yes,57,16,16,13,16,20,25,5
6/17/2019 19:48,Sunnyvale,California,Yes,,Second Semester Junior,3.6,0,4,3,5,5,5,2,1,3,5,3,6,1,6,1,6,6,Yes,69.2,24,31,30,27,24,31,7
6/25/2019 19:28,Washington Crossing,Pennsylvania,No,"English, Math, Reading",First Semester Senior,3.2,1,4,5,2,5,3,3,5,3,6,6,1,6,1,5,1,2,Yes,42.5,15,15,22,18,19,23,4
7/14/2019 17:02,Hayward ,California ,No,Reading,First Semester Senior,3.96,3,5,5,2,5,3,4,4,4,6,6,1,6,5,4,2,2,Yes,37.75,26,24,24,24,22,26,4
7/19/2019 21:08,NYC,NY,Yes,,First Semester Junior,3.9,0,3,4,2,4,2,3,2,3,5,5,2,5,2,5,2,2,Yes,46.5,30,29,31,30,29,34,5
7/21/2019 20:10,Santa Clara,California,No,"Math, Science",First Semester Junior,,1,6,6,1,6,1,1,1,1,2,1,2,5,1,5,2,1,No,34.9,33,30,29,31,31,33,2
7/24/2018 9:38,,,No,"English, Science",First Semester Junior,3.95,,5,5,3,4,3,3,2,2,5,2,3,3,3,3,3,3,Yes,76.22,17,22,22,21,24,32,8
7/24/2019 8:01,Palo Alto,California,Yes,,First Semester Senior,3.5,1,6,6,2,5,5,4,6,6,6,6,1,5,1,5,2,1,Yes,15.2,19,28,30,26,27,27,0
7/3/2019 12:16,Mountain View,California,No,Math,First Semester Senior,2.8,1,5,5,2,5,2,5,2,2,5,5,2,5,2,5,2,2,Yes,23.1,19,19,19,19,19,20,1
7/30/2018 23:18,,,Yes,,First Semester Junior,4.4038,,5,4,2,6,2,5,2,3,5,5,2,6,5,3,1,2,Yes,31,24,27,26,26,28,31,3
7/9/2019 22:10,Kildeer,Illinois,Yes,,First Semester Senior,4,0,6,6,1,6,1,6,1,1,6,6,1,6,1,6,1,1,Yes,20,35,33,35,35,34,34,0
8/19/2019 22:38,Signal Mountain,Tennessee,No,Science,First Semester Senior,4,1,6,6,1,6,1,6,1,1,5,5,2,6,1,5,1,1,Yes,21,31,27,22,27,27,27,0
8/25/2018 21:04,,,No,"Math, Science",First Semester Senior,3.6,1,5,5,1,5,3,5,2,2,5,6,1,6,1,5,2,1,Yes,19,25,22,24,25,27,27,0
8/6/2018 14:13,,,No,"Math, Reading, Science",First Semester Senior,,,5,5,1,5,1,5,1,1,5,4,2,2,3,2,2,3,Yes,27.12,21,24,24,22,20,24,4
8/7/2018 13:38,,,Yes,,First Semester Sophomore,3.56,,4,4,3,4,2,3,2,3,5,5,3,4,3,2,2,4,Yes,56.91,23,29,26,26,25,31,6
9/2/2018 10:25,,,Yes,,First Semester Senior,3.72,1,5,4,3,4,3,4,3,3,5,4,3,4,3,3,3,3,Yes,44,33,30,27,30,28,32,4
9/2/2019 12:25,Mountain View,California,No,Math,First Semester Senior,2.8,1,5,5,2,5,2,5,2,2,5,5,2,5,2,5,2,2,Yes,23.1,19,19,19,19,19,20,1
9/24/2018 19:56,,,No,"Math, Reading",First Semester Junior,3.44,0,3,6,1,3,4,5,5,5,2,4,5,4,6,6,6,5,Yes,62.25,15,14,19,17,19,24,5
1/18/2020 20:07,Morgan Hill ,California ,No,Math,First Semester Junior,5.02,0,6,6,1,6,1,6,1,2,6,6,1,6,1,6,1,2,No,16,25,27,33,29,31,31,0
1/3/2020 13:17,Troy,Michigan,Yes,,Second Semester Junior,3.88,1,5,5,2,5,2,5,2,1,3,4,3,3,4,2,2,4,No,40,25,29,25,27,27,31,4
1/8/2019 15:47,,,Yes,,First Semester Junior,3.8,0,4,4,6,4,4,1,3,5,6,6,1,5,2,1,1,2,Yes,34.65,24,18,24,23,25,28,3
10/22/2019 18:38,Hayward,California,No,English,First Semester Junior,3.83,0,5,5,5,5,5,4,3,2,2,2,5,2,5,2,5,5,No,48.3,15,24,20,19,18,23,5
10/22/2019 8:15,Seattle,Washington,No,"English, Math, Reading",First Semester Junior,,1,4,5,2,6,2,5,2,5,5,5,3,6,4,5,2,2,No,40.7,21,24,29,25,24,28,4
10/23/2019 19:43,Tacoma,Washington,Yes,,First Semester Junior,3.6782,1,5,5,2,5,3,5,2,2,5,5,2,5,3,5,2,3,No,11.4,23,24,29,27,29,29,0
10/24/2019 18:03,San Jose,California,No,Math,First Semester Junior,3.2,0,6,6,6,6,1,3,3,3,6,6,1,6,2,6,1,1,No,16.4,22,13,19,19,21,21,0
10/29/2019 21:44,Sunnyvale,California,Yes,,First Semester Junior,2.495,0,4,4,4,3,5,4,4,4,3,5,2,5,4,5,2,3,No,18.8,22,23,22,23,25,25,0
11/11/2019 9:18,Morgan Hill,California,No,Reading,First Semester Junior,3.3,1,6,5,3,6,1,6,1,1,6,6,1,6,1,6,1,1,No,39.09,18,22,24,22,22,25,3
11/15/2018 13:09,,,No,"English, Math",First Semester Junior,3.6,1,5,5,5,5,2,4,2,2,5,3,2,4,2,5,2,2,Yes,58,23,26,30,27,29,34,5
11/4/2019 10:40,Washington,Washington,Yes,,First Semester Junior,,4,4,4,2,3,3,5,2,3,5,6,1,6,1,6,1,1,Yes,50.3,19,21,22,21,23,28,5
11/5/2018 14:37,,,No,"Math, Science",First Semester Junior,4.3,1,5,3,5,3,5,2,2,2,5,5,3,4,5,4,4,4,Yes,70.24,25,18,18,22,25,31,6
11/5/2019 17:06,Morgan Hill,California,No,"English, Math, Reading, Science",First Semester Junior,4.1,1,3,4,4,3,5,4,4,3,5,3,3,4,4,4,4,3,No,48.65,24,26,25,25,25,30,5
12/2/2018 16:53,,,Yes,,First Semester Junior,3.57,0,6,6,2,6,2,4,4,3,4,4,2,5,3,3,2,2,Yes,81.499,13,20,22,19,20,28,8
12/22/2019 21:09,Morgan Hill ,California ,Yes,,First Semester Junior,4.7,1,5,4,2,4,2,3,1,3,6,6,1,6,1,6,1,1,No,12.5,21,25,23,26,32,32,0
12/26/2019 20:35,Mountain View,California,No,"English, Math, Reading, Science",First Semester Junior,3.9393,1,6,6,1,6,6,6,6,1,6,6,1,6,1,6,1,1,No,25.17,18,19,21,20,20,21,1
2/24/2020 18:40,Everett,Washington,Yes,,Second Semester Junior,3.5,2,5,5,1,5,5,5,2,2,3,3,3,4,3,2,3,3,No,96.4,22,18,21,19,15,25,10
3/17/2019 21:47,Oak Harbor,Washington,No,"English, Math, Reading, Science",Second Semester Junior,,1,6,5,3,5,4,4,3,4,5,5,2,5,3,5,2,2,Yes,49,32,29,24,28,27,32,5
3/21/2020 11:35,Woodbridge,California,Yes,,Second Semester Sophomore,3.6,1,6,6,1,6,1,6,1,1,6,6,1,6,1,6,1,1,No,28,25,31,28,28,28,30,2
3/24/2020 15:37,Fremont,California ,No,"English, Reading, Science",Second Semester Sophomore,4,1,4,4,3,4,3,4,3,4,5,4,3,4,5,3,3,3,No,61,23,27,26,25,24,30,6
3/28/2020 14:25,Morgan Hill,California,Yes,,Second Semester Sophomore,3.87,1,2,2,5,2,5,2,5,5,6,6,3,5,2,5,2,2,No,33,30,31,29,30,31,34,3
5/1/2019 15:14,Morgan Hill,California,Yes,,Second Semester Junior,3.578,2,3,3,3,3,2,3,2,2,2,2,3,3,1,2,3,3,Yes,30.75,22,25,18,23,26,28,2
5/1/2019 21:50,Woodbridge,California,Yes,,Second Semester Junior,3.6,2,4,4,3,4,3,3,2,3,2,2,5,2,5,2,5,2,Yes,40.25,27,30,23,27,28,33,5
5/31/2019 20:49,Oakland,California,No,"Math, Reading",Second Semester Sophomore,3.7,0,3,3,3,4,3,4,3,5,4,4,4,3,4,3,4,5,No,80.75,18,22,26,21,16,25,9
5/5/2019 15:50,Morgan Hill,California,Yes,,Second Semester Sophomore,4.6,1,4,4,3,4,3,4,3,3,4,4,3,4,3,4,3,3,Yes,31.6,35,34,30,33,32,34,2
6/16/2019 11:28,Corinth,Mississippi,Yes,,First Semester Junior,3.83,2,6,6,2,5,2,5,2,2,6,6,2,6,3,5,1,2,No,40.48,24,17,20,21,21,25,4
6/16/2019 19:28,Atlanta,Georgia,No,"Math, Science",First Semester Senior,4,1,6,6,1,6,2,5,1,3,6,6,1,6,1,6,1,1,Yes,20,31,27,25,29,31,32,1
6/17/2019 12:09,Benton City,Washington ,No,"English, Math, Reading, Science",First Semester Senior,3.1,1,5,5,1,5,4,6,1,1,3,3,4,3,4,1,4,4,Yes,57,16,16,13,16,20,25,5
6/17/2019 19:48,Sunnyvale,California,Yes,,Second Semester Junior,3.6,0,4,3,5,5,5,2,1,3,5,3,6,1,6,1,6,6,Yes,69.2,24,31,30,27,24,31,7
6/25/2019 19:28,Washington Crossing,Pennsylvania,No,"English, Math, Reading",First Semester Senior,3.2,1,4,5,2,5,3,3,5,3,6,6,1,6,1,5,1,2,Yes,42.5,15,15,22,18,19,23,4
7/14/2019 17:02,Hayward ,California ,No,Reading,First Semester Senior,3.96,3,5,5,2,5,3,4,4,4,6,6,1,6,5,4,2,2,Yes,37.75,26,24,24,24,22,26,4
7/19/2019 21:08,NYC,NY,Yes,,First Semester Junior,3.9,0,3,4,2,4,2,3,2,3,5,5,2,5,2,5,2,2,Yes,46.5,30,29,31,30,29,34,5
7/21/2019 20:10,Sunnyvale,California,No,"Math, Science",First Semester Junior,,1,6,6,1,6,1,1,1,1,2,1,2,5,1,5,2,1,No,34.9,33,30,29,31,31,33,2
7/24/2018 9:38,,,No,"English, Science",First Semester Junior,3.95,,5,5,3,4,3,3,2,2,5,2,3,3,3,3,3,3,Yes,76.22,17,22,22,21,24,32,8
7/24/2019 8:01,Oakland,California,Yes,,First Semester Senior,3.5,1,6,6,2,5,5,4,6,6,6,6,1,5,1,5,2,1,Yes,15.2,19,28,30,26,27,27,0
7/3/2019 12:16,Mountain View,California,No,Math,First Semester Senior,2.8,1,5,5,2,5,2,5,2,2,5,5,2,5,2,5,2,2,Yes,23.1,19,19,19,19,19,20,1
7/30/2018 23:18,,,Yes,,First Semester Junior,4.4038,,5,4,2,6,2,5,2,3,5,5,2,6,5,3,1,2,Yes,31,24,27,26,26,28,31,3
7/9/2019 22:10,Kildeer,Illinois,Yes,,First Semester Senior,4,0,6,6,1,6,1,6,1,1,6,6,1,6,1,6,1,1,Yes,20,35,33,35,35,34,34,0
8/19/2019 22:38,Signal Mountain,Tennessee,No,Science,First Semester Senior,4,1,6,6,1,6,1,6,1,1,5,5,2,6,1,5,1,1,Yes,21,31,27,22,27,27,27,0
8/25/2018 21:04,,,No,"Math, Science",First Semester Senior,3.6,1,5,5,1,5,3,5,2,2,5,6,1,6,1,5,2,1,Yes,19,25,22,24,25,27,27,0
8/6/2018 14:13,,,No,"Math, Reading, Science",First Semester Senior,,,5,5,1,5,1,5,1,1,5,4,2,2,3,2,2,3,Yes,27.12,21,24,24,22,20,24,4
8/7/2018 13:38,,,Yes,,First Semester Sophomore,3.56,,4,4,3,4,2,3,2,3,5,5,3,4,3,2,2,4,Yes,56.91,23,29,26,26,25,31,6
9/2/2018 10:25,,,Yes,,First Semester Senior,3.72,1,5,4,3,4,3,4,3,3,5,4,3,4,3,3,3,3,Yes,44,33,30,27,30,28,32,4
9/2/2019 12:25,Middletown,California,No,Math,First Semester Senior,2.8,1,5,5,2,5,2,5,2,2,5,5,2,5,2,5,2,2,Yes,23.1,19,19,19,19,19,20,1
9/24/2018 19:56,,,No,"Math, Reading",First Semester Junior,3.44,0,3,6,1,3,4,5,5,5,2,4,5,4,6,6,6,5,Yes,62.25,15,14,19,17,19,24,5
1/18/2020 20:07,Morgan Hill ,California ,No,Math,First Semester Junior,5.02,0,6,6,1,6,1,6,1,2,6,6,1,6,1,6,1,2,No,16,25,27,33,29,31,31,0
1/3/2020 13:17,Troy,Michigan,Yes,,Second Semester Junior,3.88,1,5,5,2,5,2,5,2,1,3,4,3,3,4,2,2,4,No,40,25,29,25,27,27,31,4
1/8/2019 15:47,,,Yes,,First Semester Junior,3.8,0,4,4,6,4,4,1,3,5,6,6,1,5,2,1,1,2,Yes,34.65,24,18,24,23,25,28,3
10/22/2019 18:38,Hayward,California,No,English,First Semester Junior,3.83,0,5,5,5,5,5,4,3,2,2,2,5,2,5,2,5,5,No,48.3,15,24,20,19,18,23,5
10/22/2019 8:15,Seattle,Washington,No,"English, Math, Reading",First Semester Junior,,1,4,5,2,6,2,5,2,5,5,5,3,6,4,5,2,2,No,40.7,21,24,29,25,24,28,4
10/23/2019 19:43,Tacoma,Washington,Yes,,First Semester Junior,3.6782,1,5,5,2,5,3,5,2,2,5,5,2,5,3,5,2,3,No,11.4,23,24,29,27,29,29,0
10/24/2019 18:03,San Jose,California,No,Math,First Semester Junior,3.2,0,6,6,6,6,1,3,3,3,6,6,1,6,2,6,1,1,No,16.4,22,13,19,19,21,21,0
10/29/2019 21:44,Sunnyvale,California,Yes,,First Semester Junior,2.495,0,4,4,4,3,5,4,4,4,3,5,2,5,4,5,2,3,No,18.8,22,23,22,23,25,25,0
11/11/2019 9:18,Morgan Hill,California,No,Reading,First Semester Junior,3.3,1,6,5,3,6,1,6,1,1,6,6,1,6,1,6,1,1,No,39.09,18,22,24,22,22,25,3
11/15/2018 13:09,,,No,"English, Math",First Semester Junior,3.6,1,5,5,5,5,2,4,2,2,5,3,2,4,2,5,2,2,Yes,58,23,26,30,27,29,34,5
8/19/2019 22:38,Signal Mountain,Tennessee,No,Science,First Semester Senior,4,1,6,6,1,6,1,6,1,1,5,5,2,6,1,5,1,1,Yes,50.3,19,21,22,21,23,28,5
